{
  "pred_classes": [
    206,
    206,
    206,
    1111,
    1111,
    1111,
    172,
    1185,
    1114,
    1111,
    28,
    297,
    1026,
    548,
    206,
    1111,
    1177,
    836,
    1055,
    826,
    826,
    958,
    792,
    548,
    1055,
    548,
    1026,
    1025,
    792,
    548
  ],
  "class_names": [
    "car_(automobile)",
    "car_(automobile)",
    "car_(automobile)",
    "traffic_light",
    "traffic_light",
    "traffic_light",
    "bus_(vehicle)",
    "windshield_wiper",
    "train_(railroad_vehicle)",
    "traffic_light",
    "awning",
    "cone",
    "streetlight",
    "headlight",
    "car_(automobile)",
    "traffic_light",
    "wheel",
    "flowerpot",
    "taillight",
    "pole",
    "pole",
    "signboard",
    "person",
    "headlight",
    "taillight",
    "headlight",
    "streetlight",
    "street_sign",
    "person",
    "headlight"
  ],
  "scores": [
    0.9344608187675476,
    0.9235056042671204,
    0.8864222168922424,
    0.8682370781898499,
    0.844596266746521,
    0.8443440794944763,
    0.8325672745704651,
    0.8323841691017151,
    0.7921040654182434,
    0.7894605994224548,
    0.7701245546340942,
    0.7169443368911743,
    0.6725290417671204,
    0.6442201733589172,
    0.6420506238937378,
    0.6034492254257202,
    0.5837176442146301,
    0.5815361142158508,
    0.5789105892181396,
    0.5741245746612549,
    0.5668045282363892,
    0.5662150382995605,
    0.5640726685523987,
    0.5582535862922668,
    0.5537109971046448,
    0.5499160885810852,
    0.5466629862785339,
    0.5295832753181458,
    0.5244768857955933,
    0.5166838765144348
  ],
  "pred_boxes": [
    [
      519.7932739257812,
      276.3575134277344,
      560.824951171875,
      310.31646728515625
    ],
    [
      40.40125274658203,
      281.2919921875,
      138.6891326904297,
      312.18310546875
    ],
    [
      253.65965270996094,
      277.4093017578125,
      282.52032470703125,
      315.237060546875
    ],
    [
      218.19285583496094,
      131.1321258544922,
      230.7686767578125,
      167.408203125
    ],
    [
      289.77667236328125,
      130.1459197998047,
      300.8049011230469,
      164.56622314453125
    ],
    [
      624.4901123046875,
      161.72418212890625,
      637.1207275390625,
      188.98968505859375
    ],
    [
      488.5483093261719,
      257.10711669921875,
      518.911865234375,
      290.16082763671875
    ],
    [
      302.1556396484375,
      236.36012268066406,
      346.6793212890625,
      310.655517578125
    ],
    [
      277.7569885253906,
      170.61231994628906,
      488.5209045410156,
      387.4297180175781
    ],
    [
      554.9658813476562,
      126.1928482055664,
      567.9832763671875,
      162.0656280517578
    ],
    [
      241.616943359375,
      243.5057830810547,
      284.5770568847656,
      261.3709411621094
    ],
    [
      597.6234741210938,
      289.36639404296875,
      614.9152221679688,
      331.3504943847656
    ],
    [
      497.0484313964844,
      21.301361083984375,
      597.5280151367188,
      44.284915924072266
    ],
    [
      387.0622863769531,
      309.2957763671875,
      394.78106689453125,
      317.3445739746094
    ],
    [
      0.15013504028320312,
      284.21978759765625,
      34.041812896728516,
      312.28314208984375
    ],
    [
      165.62213134765625,
      235.69947814941406,
      181.2669677734375,
      249.13368225097656
    ],
    [
      50.79861831665039,
      298.4469909667969,
      64.380615234375,
      312.0120849609375
    ],
    [
      616.261474609375,
      314.8103942871094,
      639.9999389648438,
      340.6836242675781
    ],
    [
      514.1697998046875,
      275.359130859375,
      518.2666625976562,
      278.5594177246094
    ],
    [
      177.8911895751953,
      75.09638214111328,
      188.38169860839844,
      323.23126220703125
    ],
    [
      109.70272827148438,
      203.53778076171875,
      115.34801483154297,
      341.56390380859375
    ],
    [
      113.13724517822266,
      256.79132080078125,
      134.0873260498047,
      292.1108093261719
    ],
    [
      341.54608154296875,
      255.9818572998047,
      374.22222900390625,
      280.37744140625
    ],
    [
      373.7271728515625,
      322.6118469238281,
      381.6058654785156,
      329.8174133300781
    ],
    [
      41.108150482177734,
      290.21636962890625,
      45.99647521972656,
      298.2020263671875
    ],
    [
      293.8577880859375,
      308.02593994140625,
      300.2213134765625,
      314.3150939941406
    ],
    [
      497.0035095214844,
      21.531482696533203,
      520.6000366210938,
      32.40510940551758
    ],
    [
      591.0641479492188,
      207.15484619140625,
      600.035400390625,
      212.16937255859375
    ],
    [
      318.0447692871094,
      258.94390869140625,
      341.0997619628906,
      282.8515930175781
    ],
    [
      302.826416015625,
      321.79791259765625,
      310.37432861328125,
      328.8110046386719
    ]
  ]
}